horizon,positives,rows,positive_rate,imbalance_ratio,split
10,2002,37471,0.053427984307864745,17.716783216783217,train
20,3822,37471,0.10199887913319634,8.804029304029303,train
30,5642,37471,0.15056977395852794,5.641439205955335,train
10,858,16288,0.052676817288801574,17.983682983682982,val
20,1638,16288,0.1005648330058939,8.943833943833944,val
30,2418,16288,0.14845284872298625,5.736145574855252,val
10,68,33991,0.0020005295519402197,498.8676470588235,test
20,504,33991,0.014827454326145156,66.44246031746032,test
30,1087,33991,0.031979053278809094,30.27046918123275,test
